1129, N,high,Abstract only not full text
1215, Y,high,Peer reviewed original research implementing and testing a patient digital twin in humans using simulated case studies
243, N,high,Poster abstract only and nonhuman study does not present a full peer reviewed human digital twin
612, Y,high,Peer reviewed study creating and validating virtual patient digital twins for human ventilation using clinical data
300, Y,high,Full text peer reviewed Nutrients article evaluating a human digital twin PMA using human data
492, N,high,Abstract only not full text available
1195, N,high,Abstract only not full text so fails inclusion
1103, N,high,Abstract only with conceptual approach no full text or evaluation of a non theoretical human digital twin
791, Y,high,Presents and validates a patient specific lung digital twin using clinical data
53, N,high,Abstract only full text not available
507, Y,high,Peer reviewed original study builds and evaluates personalized virtual heart digital twins in human patients
367, Y,high,IEEE conference paper describes creating a patient digital twin prototype and blockchain system in English full text
1117, Y,high,Peer reviewed original study creating patient specific human digital twins using clinical data in English
1090, N,high,Abstract only and evaluates a machine learning risk model not a human digital twin
593, Y,high,Peer-reviewed study creating patient-specific atrial digital twins integrating clinical data for ablation planning
1159, Y,high,Peer reviewed study builds patient specific human cardiac digital twins using ECG and CMR data
323, N,high,Preprint states not certified by peer review so fails peer-reviewed inclusion criterion
426, Y,high,Peer-reviewed human study developed and validated patient-specific digital twin model and explicitly claims digital twin use
1227, Y,high,Peer-reviewed original study creating patient-specific digital twin virtual patients using clinical ICU data on humans
858, Y,high,Peer reviewed study uses personalized human digital twin models for in silico evaluation of exercise decision support
958, Y,high,Peer reviewed original study implementing a human lung digital twin framework with proof of concept and evaluation
973, Y,high,Peer-reviewed study uses and evaluates a human head digital twin with experiments and simulations in English
922, Y,high,Open access peer-reviewed English research creating and evaluating patient-specific human digital twins for CRT prediction
743, Y,high,Full text peer-reviewed study creating patient-specific human digital twins using imaging data and evaluating simulations
515, N,high,Abstract only no full text available
692, N,high,Systematic review and conceptual proposal not creation or evaluation of a practical human digital twin
274, Y,high,Peer-reviewed English study implements a personalized human digital twin for T1D and evaluates it with real data
1002, Y,medium,Peer reviewed research describing creation of patient digital twin prototypes and patient specific models indicating non theoretical human DTs
632, Y,high,Peer reviewed original study using patient specific human digital twin simulations to predict TAVI conduction abnormalities
476, Y,high,Peer reviewed English article implementing and evaluating human digital twin models for exercise decision support in T1D
1, N,high,Provides only a proposed blueprint not a created or evaluated human digital twin
402, Y,high,Uses and describes a patient digital twin and peer reviewed English full text original research on clinical patients
394, Y,high,Full English peer-reviewed original study evaluating a human digital twin intervention in real patients
64, N,high,Abstract only not full text
413, N,high,Preprint not peer reviewed despite creating human genotype-specific digital twins
42, N,high,Abstract only conference e-poster lacks full peer-reviewed full text despite referencing a human digital twin
836, Y,high,Peer reviewed research creates and validates a human digital twin model with full text in English
137, N,high,Implements respiration monitoring for DTeH but does not create or evaluate a human digital twin
651, N,high,Labeled commentary and does not itself create or evaluate a non theoretical human digital twin
767, Y,high,Peer reviewed patient specific human cardiac digital twin models created and evaluated with clinical data in English
878, N,high,Review article; does not present original creation or evaluation of a human digital twin
19, Y,high,Full text peer reviewed English study creating patient specific human digital twins from clinical CT images
435, N,high,Abstract only no full text available
1039, Y,high,Implements a human knee digital twin in simulation peer-reviewed full text English
1066, N,high,Abstract only full text not available
1327, N,high,Article is a bioRxiv preprint and explicitly states not peer reviewed
286, N,high,Abstract only no full text available
333, Y,high,Original peer-reviewed English study creates and validates patient-specific digital twins using real Crohn's disease clinical data
970, N,high,Narrative review on cardiac digital twins without creating or evaluating a non theoretical human digital twin
1149, N,medium,Does not claim creation or evaluation of a human digital twin despite patient specific modeling
425, N,high,Not peer reviewed preprint therefore fails peer review criterion
1271, N,high,Abstract only e-supplement not full peer reviewed article
346, Y,high,Peer reviewed original study creating and evaluating human Digital Twins with patient specific data
397, N,high,Abstract-only conference supplement not full-text peer-reviewed article despite mentioning patient-specific human digital heart twins
1202, Y,high,Peer-reviewed study creates patient-specific human digital twins from CT data with implemented pipeline and results
971, N,high,Narrative review article not original study of a non-theoretical human digital twin
244, Y,high,Full text peer-reviewed original research creating patient-specific coronary artery digital twins from OCT with implemented finite element simulations
442, N,medium,Conceptual framework without implementing or evaluating a non theoretical human digital twin
570, Y,high,Peer reviewed English methods paper creating patient specific human digital twins from OCT with full text
522, N,high,Abstract only not full text
816, N,high,Preprint not peer reviewed though it creates patient-specific human atrial digital twins
100, Y,high,Peer reviewed English article evaluating a human digital twin model using clinical patient data
88, Y,medium,Peer-reviewed original study with full text implementing a human digital twin evaluated with EMG and biomechanics
912, Y,high,Peer reviewed original paper generating and evaluating human digital twins using human clinical pharmacometric models in English
977, Y,high,Peer-reviewed research claims creation of a human digital twin with simulations and evaluation in English full text
826, Y,high,Peer-reviewed original research creates and evaluates a two-dimensional human follicular digital twin using simulation with full English text
756, Y,high,Claims and demonstrates implemented human digital twin with sensor data in peer reviewed English journal article
106, N,high,Conference abstract only not full text
917, Y,high,Implements and evaluates a human cardiac digital twin using subject specific MRI and ECG data
712, N,high,Review article discusses digital twins without creating or evaluating a non theoretical human digital twin
587, N,high,Abstract only no full text available
148, N,medium,Proposes digital twin based platform without creating or evaluating a human digital twin
72, Y,high,Claims creation of patient digital twins and implements virtual trials in a peer reviewed original article
909, Y,high,Describes and validates a personalized human digital twin model for alcohol consumption using human data
616, N,high,Abstract only not full text available
517, N,high,Abstract e-poster only not full text despite human digital twin claim
851, Y,high,Peer-reviewed original research creates and uses human digital twins to evaluate ankle motion axis
120, N,high,Abstract only conference e-poster lacks full text availability
969, N,high,Not peer-reviewed medRxiv preprint failing inclusion criteria despite discussing a data-driven human digital twin
1166, Y,high,Peer-reviewed full text implementing and evaluating patient-specific human cardiac digital twins using imaging and mapping data
70, N,medium,Patient-specific CFD model mentions digital twins but does not claim creating or evaluating a human digital twin
47, N,high,Proposes a digital twin framework without implementing or evaluating an actual human digital twin
1304, N,high,Narrative review only despite mentioning digital twins and presents no created or evaluated human digital twin
535, N,high,Fails peer review criterion as medRxiv preprint
628, Y,medium,Peer reviewed full text presents and evaluates a non theoretical surgical digital twin for human skull base surgery
1263, Y,high,Peer reviewed English research reconstructing patient specific digital twins of a human aneurysm using CT and FEA
830, Y,high,Peer reviewed original study creating a patient specific cardiovascular digital twin with English full text available
195, N,medium,Proposes architecture using digital twins but does not create or evaluate a concrete human digital twin
236, N,high,Full text is in German not English despite English abstract
33, N,high,Preprint not peer reviewed despite describing a human digital twin implementation
1316, Y,high,Peer reviewed English pilot study creates and validates patient specific human digital twins of carotid bifurcations
351, N,high,Abstract only not full text therefore fails inclusion criteria
846, Y,high,Peer reviewed full text creates and evaluates a human vertebral digital twin for vertebroplasty simulations in English
1055, Y,high,Article presents a non theoretical patient digital twin implementation with usability testing peer reviewed English full text
462, Y,high,Peer-reviewed implementation of a human digital twin framework with participants demonstrating non-theoretical system and evaluation in English
374, Y,high,Peer reviewed study creating and using human digital twins from CBCT and facial scans for orthodontic analysis
190, Y,high,Peer reviewed original study implementing patient specific human digital twin with evaluation using clinical datasets
1087, Y,high,Full text peer reviewed study using human digital twins to analyze subtalar axis with patient CT data
848, N,high,Proposes a DT-assisted framework with simulations only without creating or evaluating an implemented human digital twin
103, Y,high,Full text peer reviewed and develops a non theoretical human digital twin for lymphedema monitoring
1032, Y,high,Peer-reviewed article creates and evaluates a patient-specific cardiac digital twin using human data in English
715, N,high,Proposes digital twin framework but only implements emotion recognition without creating or evaluating a human digital twin
1122, Y,high,Claims UISS-MS is a digital twin solution validated against clinical data in a peer reviewed English research article
416, Y,high,Peer reviewed study creates patient specific human atrial digital twins using clinical data and simulations
500, Y,high,Peer reviewed English paper implementing a human cardiovascular digital twin generating PPG with evaluation
815, Y,high,Peer reviewed article describes creating and evaluating a human vertebra digital twin using imaging and simulations in English.
825, N,high,Abstract only not full text
1190, N,high,Preprint not peer reviewed so fails peer review requirement
128, N,high,Conceptual framework only with mapped use cases no creation or evaluation of a non theoretical human digital twin
1260, Y,high,Peer reviewed original article implements and evaluates a patient digital twin for transdermal fentanyl therapy with virtual patients
602, N,medium,Experiments used approximate digital twins from datasets not actual created human digital twins
354, Y,high,Peer-reviewed article presents and evaluates a patient digital twin framework with implemented use cases and English full text available
1035, N,high,Preprint not peer reviewed despite creating human digital twins for vaccine inflammation monitoring
1128, Y,high,Peer-reviewed English article presents an implemented wound digital twin framework with evaluated AI model using human data
904, N,high,Abstract only and not full text despite mentioning a human digital twin
1314, N,high,Conceptual framework only and no implemented or evaluated human digital twin is claimed
149, Y,high,Open access peer reviewed English study implementing a semi active human digital twin with real data
859, Y,high,Full-text peer-reviewed study implementing and evaluating a human tongue digital twin model with real-time simulations
386, Y,high,Peer reviewed research builds patient specific human digital twins from clinical data and evaluates treatment schedules
799, Y,high,Original peer reviewed English article implementing human digital twin with clinical data for diabetes patients
1193, Y,high,Peer reviewed original study building and evaluating human digital twins for MS using MRI trajectories in English
1177, Y,high,Peer reviewed full text creates and evaluates non theoretical human digital twins of athletes in English
302, N,high,Preprint on bioRxiv not peer reviewed so fails peer review criterion
1279, Y,high,Peer reviewed original article in English creating a patient specific digital twin for ventilator simulation
881, N,high,Abstract only no full text available
1025, Y,high,Peer reviewed research presenting and validating a personalized human digital twin model using human clinical data
873, N,high,Viewpoint article only discusses challenges without creating or evaluating a human digital twin
996, Y,high,Peer-reviewed article creates and evaluates a patient-specific human digital twin using multimodal imaging and motion capture data
85, Y,high,Peer reviewed research establishing and evaluating a human digital twin brain with individualized data assimilation
459, N,high,Preprint not peer reviewed despite creating human cardiac digital twins and full text in English
39, Y,high,Peer reviewed English article creating and evaluating patient specific cancer digital twins using real patient data
1262, Y,high,Human AF digital twin created from patient specific data peer reviewed full text English original research
895, Y,high,Implements a patient liver digital twin prototype using AR and SLAM in a peer-reviewed IEEE workshop
784, Y,medium,Peer reviewed EMBC paper implements a patient heart digital twin and evaluates RL personalization in virtual experiments
812, N,high,Conference abstract only not full text article
514, Y,high,Peer reviewed full text presents and evaluates a non theoretical human heart digital twin in English
764, Y,high,Peer reviewed English study creating and evaluating patient specific virtual twins for dosing representing non theoretical human digital twin approach
105, N,high,Mini review not original study and does not create or evaluate a specific human digital twin
245, Y,high,Peer reviewed original study evaluating human facial digital twins from patient scans with full English text
334, Y,high,Full text peer reviewed study creating patient specific human digital twin with clinical CFD evaluation
403, N,high,Review article only does not create or evaluate a human digital twin
1071, N,high,Review paper in Chinese and does not create or evaluate a human digital twin
73, Y,high,Creates and calibrates a patient-specific cardiac digital twin using clinical data in peer-reviewed research
755, Y,high,Full English research article implements and evaluates a human upper limb digital twin with real-time interaction
597, N,medium,Uses virtual patient simulations without claiming creation or evaluation of a human digital twin
1255, N,high,Chinese review article without original creation or evaluation of a non theoretical human digital twin
1043, Y,high,Implements and validates a human myoelectric digital twin software in a peer reviewed English article
941, N,high,Perspective article only conceptualizes theranostic digital twins without creating or evaluating an actual human digital twin
498, Y,high,Peer-reviewed full text describes a patient-specific hemodynamic digital twin implementation using wearable data
739, N,medium,Does not explicitly claim creating or evaluating a human digital twin despite discussing cardiac digital twins conceptually
379, N,high,Literature review proposing conceptual digital twin models without creating or evaluating a real human digital twin
898, Y,high,Peer reviewed Sensors article implements and evaluates a real time human digital twin for biosignal fusion in English
901, Y,high,Full English peer reviewed study creating and evaluating a human cardiac digital twin using clinical CMR and ECG data
481, N,high,Conceptual proposal only with illustrative simulations; no creation or evaluation of a non-theoretical human digital twin
218, N,high,Poster abstract only not full text article
770, N,high,Design specification proposing CIDT only and explicitly theoretical not an implemented non theoretical human digital twin
841, Y,medium,Original research creating and evaluating a patient specific human digital twin for prostate radiotherapy using CBCT
16, N,medium,Focuses on device digital twin with patient data not a human digital twin
1306, N,high,Review article without creation or evaluation of a non theoretical human digital twin
315, Y,high,Peer reviewed English study constructing and evaluating patient specific human digital twins for ventricular tachycardia risk
1171, Y,high,Peer reviewed IEEE paper creates and evaluates a personalized human digital twin with real time rendering in English
921, N,high,No implemented human digital twin created or evaluated only conceptual framework and statistical analysis
1096, N,high,Review article summarizing heart digital twins not reporting creation or evaluation of a specific human digital twin
1006, N,medium,Conceptual architecture only no implemented human digital twin or evaluation
747, N,high,Full text is not in English
684, N,high,Review article without creating or evaluating a non theoretical human digital twin
525, Y,high,Peer-reviewed original paper creating and validating a patient tumor digital twin using human data
28, Y,high,Peer reviewed English full text creating and evaluating human iPSC cardiomyocyte digital twins validated with experimental data
1084, N,high,Not peer reviewed preprint on medRxiv despite designing and evaluating human digital twin models
1144, N,high,Review article discussing digital twins without creating or evaluating a specific human digital twin
1175, N,high,Review article that does not present creation or evaluation of a non theoretical human digital twin
466, N,medium,Provides ML model and framework only without actual implementation or evaluation of a human digital twin
76, Y,high,Peer reviewed study builds and evaluates a personalized human thigh digital twin using CT geometry and experiments
1299, N,high,Conceptual framework and ML on Kaggle only no actual human digital twin created or evaluated
519, Y,high,Peer reviewed English article created and evaluated patient specific passive human digital twin for cFFR calculation
151, Y,high,Full paper creates and evaluates patient digital twins for outcome prediction and is peer reviewed and in English
631, N,medium,Describes a conceptual GBA digital twin under development without claiming creation or evaluation
953, N,high,Abstract only and conceptual without creating or evaluating a human digital twin
980, Y,high,Peer reviewed full text describes a functional human digital twin prototype integrating CDS not just theoretical
1031, N,high,Commentary article proposing digital twins without creating or evaluating a non theoretical human digital twin
1164, N,high,Commentary that does not create or evaluate a non theoretical human digital twin
853, N,high,Author correction only no claim of creating or evaluating a human digital twin
10, N,high,Correspondence article only discusses concept and does not create or evaluate a non theoretical human digital twin
